{"image_size": [640, 480], "matrix": [[381.04637797913625, 0.0, 327.5322372580941], [0.0, 383.92440389643366, 281.01408487294367], [0.0, 0.0, 1.0]], "new_matrix": [[242.36094379746012, 0.0, 323.70191281590854], [0.0, 239.98174646430144, 292.01293608879564], [0.0, 0.0, 1.0]], "distortion": [[-0.409464749357924, 0.2085061553587323, 0.005006791535728484, 0.0019874986547969136, -0.042370317858086856]], "r_vecs": [[[-0.16634474488365766], [-0.22030925629402517], [1.3407712611378326]], [[-0.3132259561569193], [-0.08511901149125763], [1.409567292106472]], [[0.3410971123732878], [0.22181966677873996], [1.5659146540815432]], [[-0.1915297373277781], [0.10745031981870373], [1.5805983689040393]], [[-0.33467941817384306], [0.2191686515704219], [1.5402197647568645]], [[0.40282871221888794], [-0.011133703634762734], [1.5403693689461753]], [[0.438350272206869], [-0.08196166742551682], [1.5634880272796294]], [[0.32049576759212905], [-0.1258880449394904], [1.5581388355105272]], [[0.179445073780381], [0.4710166969663605], [1.6358393484983005]], [[0.3231784863457014], [0.3445047842784778], [1.7261779206189045]], [[-0.09098705999882141], [0.024827406120190694], [1.4884543741365748]], [[-0.19064806653078756], [0.00452254531991513], [1.544855020108796]], [[0.1660820548546584], [-0.2391427025468687], [1.4292526304636528]], [[0.251049749298334], [-0.20203806025402987], [1.513963625809018]], [[0.09428925047859021], [-0.325165170163741], [1.406463129450489]], [[-0.21915413804763306], [-0.48116849201474876], [1.5050282345958976]], [[0.3424403136758333], [-0.26362769426965493], [1.5024569308841795]], [[-0.07415209590157588], [-0.07993032706919527], [1.5331094925776465]], [[-0.08461039911899183], [-0.19482480396131438], [1.4769617246131463]], [[0.03261454337612442], [0.07240001706920463], [1.5488363619894168]], [[0.3048818855349852], [-0.10120218611794626], [1.5198796629599787]], [[-0.22298688159523944], [-0.4235849974468137], [1.4881963554711686]], [[-0.0486255890937947], [0.11165273560686835], [1.5571605015481287]], [[-0.2014997061971529], [-0.3564359614342652], [1.4792773931876535]], [[0.19565309531206243], [-0.19486314599405674], [1.5585484341246023]], [[0.1139828394487986], [-0.21437901337355048], [1.5222642497044852]], [[0.18902506762788152], [0.5225728625601355], [1.582567373810139]], [[-0.07891741427731891], [-0.302428164995034], [1.30720612465437]], [[0.17520785041067286], [0.5354533976439018], [1.5846628068473672]], [[0.40714901406235815], [-0.11965163648782902], [1.5811355241398743]], [[0.2611751433026727], [-0.12037508239167456], [1.5061777673827403]], [[-0.040441728107045986], [-0.04374082186619072], [1.3529572687817346]], [[0.1594000076369611], [0.18948667904878036], [1.4709771717402709]]], "t_vecs": [[[4.86164799447284], [-8.726584626259113], [15.877543988518585]], [[2.507134843923158], [-7.324767869941917], [16.408020915779424]], [[3.0599352431751172], [-1.7947761433993905], [10.813923559253375]], [[4.427744937993844], [-5.556469869052373], [12.276064255741542]], [[5.109692662949567], [-1.6393167371091604], [13.210318544470331]], [[4.614849113724706], [-1.8648640575273203], [12.756886891919066]], [[2.1154803772833057], [-6.139309120736308], [9.628629711638723]], [[-2.2825818356749386], [-3.854635895191257], [11.007488026127119]], [[1.82196192794901], [-3.910550379432141], [11.770724199693356]], [[1.934275037557282], [-0.7964113520371047], [13.831492946738958]], [[1.8383715739810151], [-3.9518781809427406], [10.44192796065423]], [[-0.5028535441189544], [-6.814183312421017], [14.733643704119357]], [[4.688035632128667], [-2.953909637226534], [17.148147507325245]], [[4.8933755640603565], [-0.3660013128769277], [18.020043853241525]], [[5.8596368371174785], [-7.9738530407594155], [19.166338208722554]], [[3.833401936816633], [-5.127933778124432], [20.439304126772164]], [[4.217065516336195], [-1.9154643505194193], [13.035473541040549]], [[-0.560174453572764], [-5.741281732118048], [11.888769671506207]], [[0.7745812399383984], [-4.541356123688771], [12.269839371150262]], [[3.1628469843882736], [-2.5678201802567733], [11.684453867814048]], [[4.77682652618453], [-5.703158441425698], [12.6945923647296]], [[5.1663996731393595], [-5.168343771774451], [21.003417530401354]], [[0.1972314841073375], [-3.1490056834185274], [11.458848337887758]], [[5.739189457456105], [-4.9059358072588095], [17.44040891434779]], [[5.67389555796723], [-1.9214653727195192], [18.191966451777375]], [[8.345713089847854], [-2.169517143838033], [15.837956358299268]], [[4.148746194087189], [-3.5163388517059397], [10.842230936663652]], [[5.283510643044847], [-8.361007195598434], [17.66136577079713]], [[4.558942332176792], [-4.140049901058306], [10.846868887095894]], [[2.521521883109769], [-3.2893376356449475], [12.764877619890868]], [[5.355013780230435], [-2.955084744964852], [12.845701126941584]], [[3.6967476685379785], [-4.8985848616030845], [14.66834574785276]], [[3.1721231542081156], [-5.202601734874024], [12.026595862801452]]], "roi": [115, 116, 406, 314]}