{"image_size": [640, 480], "matrix": [[381.04637037438073, 0.0, 327.5322404416585], [0.0, 383.9243979739684, 281.01408186763695], [0.0, 0.0, 1.0]], "new_matrix": [[242.36168295766942, 0.0, 323.70206400983915], [0.0, 239.98252750264857, 292.0127946323516], [0.0, 0.0, 1.0]], "distortion": [[-0.4094646878298144, 0.20850600092171445, 0.005006794813479069, 0.0019874960822442774, -0.042370202343284875]], "r_vecs": [[[0.15939998978719347], [0.18948668062902807], [1.4709771710091417]], [[-0.04044173854495377], [-0.04374081280131744], [1.3529572693470062]], [[-0.19064808291767257], [0.004522539288696864], [1.5448550185603362]], [[-0.09098706235956062], [0.024827409924488977], [1.4884543740365834]], [[0.17944489734300811], [0.47101672358640884], [1.635839352601547]], [[0.3231784319362371], [0.34450479889334606], [1.726177930950703]], [[0.341097100509455], [0.22181965753136965], [1.565914654234157]], [[0.40282873111352996], [-0.011133687474118786], [1.540369358180181]], [[0.3204957546010714], [-0.12588803330615522], [1.5581388385072148]], [[0.4383502497070883], [-0.08196166368254902], [1.5634880265119675]], [[0.3048818739407437], [-0.10120218701991973], [1.5198796637954808]], [[0.19565337348195297], [-0.19486299981889424], [1.558548399435915]], [[0.4071489624457158], [-0.11965162942189772], [1.5811355210084903]], [[0.25104974812545566], [-0.20203807102166668], [1.513963626551638]], [[0.16608211450671967], [-0.23914275240449906], [1.4292526107217052]], [[0.09428928912448363], [-0.3251650706374796], [1.4064631372356562]], [[-0.21915414506175449], [-0.48116847767863363], [1.5050282420975396]], [[-0.22298688548678516], [-0.42358499127141763], [1.4881963578567348]], [[-0.2014996868705289], [-0.35643597059539794], [1.4792773858424895]], [[-0.08461039636127056], [-0.19482479938810754], [1.476961726220672]], [[-0.07415210798163135], [-0.07993030495334631], [1.5331094947529977]], [[-0.19152973867554374], [0.10745032163074612], [1.580598368116729]], [[-0.3346793795143005], [0.21916867090719633], [1.5402197718704178]], [[0.26117507370387844], [-0.1203750450665688], [1.5061777820038806]], [[-0.048625590846217925], [0.11165273169491162], [1.5571605012217775]], [[0.032614541716172576], [0.07240001486329477], [1.5488363616925536]], [[0.3424403087697997], [-0.26362770024028215], [1.5024569322307626]], [[0.11398283679173203], [-0.21437901916213736], [1.5222642501904786]], [[0.18902504997863082], [0.5225728596567406], [1.582567372372425]], [[0.1752078329793632], [0.535453395770717], [1.584662805330423]], [[-0.07891741815393621], [-0.3024281545206195], [1.307206127391937]], [[-0.1663447477221355], [-0.2203092480248492], [1.3407712630512665]], [[-0.3132259645100801], [-0.0851190017152499], [1.4095672913399198]]], "t_vecs": [[[3.1721230567907903], [-5.202601639436385], [12.0265957439233]], [[3.696747547941623], [-4.8985847426049425], [14.668345564870979]], [[-0.5028536844707694], [-6.814183211168681], [14.73364360998214]], [[1.838371486651789], [-3.951878100359803], [10.441927828154446]], [[1.82196208797188], [-3.9105502879312324], [11.770724412641545]], [[1.9342749969300226], [-0.7964112329674706], [13.831492990895685]], [[3.0599351581113874], [-1.7947760566699542], [10.813923436569576]], [[4.614848937689582], [-1.8648639713889679], [12.756886383961197]], [[-2.2825819633459803], [-3.854635813629316], [11.00748792380918]], [[2.1154802943435347], [-6.139309076967139], [9.628629636091475]], [[4.7768264198239825], [-5.703158333658097], [12.694592210120026]], [[5.673895284197884], [-1.9214651498519908], [18.191965696428763]], [[2.521521789195393], [-3.289337598728423], [12.764877616275722]], [[4.893375413621454], [-0.3660011692076142], [18.020043537146044]], [[4.68803548087855], [-2.9539095214660693], [17.148147192283446]], [[5.859636683204512], [-7.973852936203812], [19.1663381294554]], [[3.8334017932370488], [-5.127933588379356], [20.439303938840258]], [[5.166399518985205], [-5.168343606475576], [21.003417283395397]], [[5.73918933223677], [-4.905935746531681], [17.440408707517587]], [[0.7745811379367056], [-4.541356024691479], [12.269839206379274]], [[-0.5601745500492783], [-5.74128163153406], [11.88876955819552]], [[4.427744838624935], [-5.556469774564626], [12.276064088703182]], [[5.109692573453364], [-1.6393166584397056], [13.210318276074522]], [[5.355013756308672], [-2.955084682328566], [12.845701321337577]], [[0.19723138012045255], [-3.149005596540548], [11.458848202318931]], [[3.162846884368057], [-2.567820089144819], [11.684453695903736]], [[4.217065407007672], [-1.9154642402362323], [13.035473325721648]], [[8.345712963410238], [-2.169517017587535], [15.837956145820682]], [[4.148746113156704], [-3.5163387659371095], [10.842230838644046]], [[4.558942250732708], [-4.140049813056224], [10.846868786885816]], [[5.283510513019774], [-8.361007053896127], [17.661365595012104]], [[4.861647878626035], [-8.726584497649705], [15.877543825654481]], [[2.507134712122086], [-7.324767737710508], [16.408020750300704]]], "roi": [115, 116, 406, 314]}